user_id,name,phone,email,signup_date
U1000,User_0,918418704157,user0@example.com,07-04-2023
U1001,User_1,918372852572,user1@example.com,21-04-2022
U1002,User_2,918247485223,user2@example.com,10-11-2022
U1003,User_3,918100542994,user3@example.com,25-08-2022
U1004,User_4,918990468954,user4@example.com,08-04-2022
U1005,User_5,918806001426,user5@example.com,15-12-2022
U1006,User_6,918673328853,user6@example.com,28-05-2023
U1007,User_7,918752202968,user7@example.com,22-08-2022
U1008,User_8,918698832209,user8@example.com,01-04-2022
U1009,User_9,919163912761,user9@example.com,07-05-2024
U1010,User_10,919647178087,user10@example.com,07-09-2023
U1011,User_11,917070583905,user11@example.com,13-06-2022
U1012,User_12,919012187282,user12@example.com,13-08-2023
U1013,User_13,917741782476,user13@example.com,04-11-2023
U1014,User_14,918528190162,user14@example.com,14-06-2023
U1015,User_15,919280592283,user15@example.com,07-04-2024
U1016,User_16,919297894227,user16@example.com,24-03-2022
U1017,User_17,919318128230,user17@example.com,25-10-2022
U1018,User_18,918702584578,user18@example.com,13-12-2022
U1019,User_19,919032849523,user19@example.com,05-01-2024
U1020,User_20,919968622354,user20@example.com,18-11-2022
U1021,User_21,918260009228,user21@example.com,11-05-2024
U1022,User_22,919940956906,user22@example.com,19-03-2023
U1023,User_23,919939401971,user23@example.com,21-09-2023
U1024,User_24,918541391552,user24@example.com,18-05-2024
U1025,User_25,917323553883,user25@example.com,29-09-2023
U1026,User_26,918225303454,user26@example.com,14-03-2024
U1027,User_27,919265633020,user27@example.com,21-01-2024
U1028,User_28,917164143595,user28@example.com,24-05-2022
U1029,User_29,919883576707,user29@example.com,30-12-2023
U1030,User_30,918346161494,user30@example.com,02-04-2022
U1031,User_31,919238375704,user31@example.com,13-05-2023
U1032,User_32,919096028422,user32@example.com,16-05-2023
U1033,User_33,919026815922,user33@example.com,24-12-2023
U1034,User_34,919258291143,user34@example.com,12-02-2024
U1035,User_35,917190942123,user35@example.com,03-03-2023
U1036,User_36,918287817400,user36@example.com,14-02-2023
U1037,User_37,919074239161,user37@example.com,04-05-2022
U1038,User_38,919896819795,user38@example.com,27-08-2022
U1039,User_39,918505342823,user39@example.com,26-04-2023
U1040,User_40,919794734413,user40@example.com,13-12-2023
U1041,User_41,918821601214,user41@example.com,12-07-2023
U1042,User_42,918937229702,user42@example.com,12-06-2022
U1043,User_43,918732370056,user43@example.com,18-09-2022
U1044,User_44,918841295182,user44@example.com,27-06-2022
U1045,User_45,919324707197,user45@example.com,14-05-2022
U1046,User_46,917754002987,user46@example.com,01-02-2023
U1047,User_47,918723703742,user47@example.com,14-09-2022
U1048,User_48,917530453192,user48@example.com,15-06-2022
U1049,User_49,919007105902,user49@example.com,05-10-2022
U1050,User_50,917938633324,user50@example.com,04-06-2022
U1051,User_51,918621337498,user51@example.com,27-04-2024
U1052,User_52,918005853670,user52@example.com,05-11-2023
U1053,User_53,917027048429,user53@example.com,05-09-2022
U1054,User_54,919660490721,user54@example.com,01-09-2023
U1055,User_55,918961410192,user55@example.com,16-05-2024
U1056,User_56,918580583376,user56@example.com,05-05-2024
U1057,User_57,917558474620,user57@example.com,02-05-2023
U1058,User_58,919391853703,user58@example.com,07-10-2023
U1059,User_59,918582287398,user59@example.com,18-12-2022
U1060,User_60,918104945883,user60@example.com,18-02-2024
U1061,User_61,917293005655,user61@example.com,26-03-2022
U1062,User_62,919533763512,user62@example.com,06-01-2023
U1063,User_63,917788417421,user63@example.com,02-04-2022
U1064,User_64,917604540580,user64@example.com,23-12-2023
U1065,User_65,918442039351,user65@example.com,13-09-2023
U1066,User_66,917570580642,user66@example.com,30-06-2023
U1067,User_67,918522386676,user67@example.com,27-03-2022
U1068,User_68,917680216549,user68@example.com,02-05-2024
U1069,User_69,919312747301,user69@example.com,10-10-2022
U1070,User_70,919406372160,user70@example.com,26-05-2024
U1071,User_71,918008820487,user71@example.com,04-03-2024
U1072,User_72,918394303763,user72@example.com,15-04-2024
U1073,User_73,919904450683,user73@example.com,16-01-2022
U1074,User_74,918999638626,user74@example.com,20-03-2022
U1075,User_75,918330448280,user75@example.com,09-01-2022
U1076,User_76,918166080255,user76@example.com,09-04-2023
U1077,User_77,918430734397,user77@example.com,24-02-2024
U1078,User_78,917922088204,user78@example.com,23-06-2022
U1079,User_79,918739354709,user79@example.com,19-06-2024
U1080,User_80,917177152324,user80@example.com,30-01-2023
U1081,User_81,917885670904,user81@example.com,28-12-2022
U1082,User_82,919118134105,user82@example.com,30-05-2023
U1083,User_83,918629269253,user83@example.com,26-08-2023
U1084,User_84,918905179276,user84@example.com,14-03-2022
U1085,User_85,918605818244,user85@example.com,29-01-2022
U1086,User_86,919683103296,user86@example.com,08-07-2022
U1087,User_87,919563420102,user87@example.com,12-09-2023
U1088,User_88,917524199632,user88@example.com,12-11-2022
U1089,User_89,917325077764,user89@example.com,01-02-2023
U1090,User_90,918884641079,user90@example.com,09-04-2024
U1091,User_91,918248451820,user91@example.com,26-02-2023
U1092,User_92,919698424312,user92@example.com,10-09-2023
U1093,User_93,918392215069,user93@example.com,19-03-2023
U1094,User_94,918990484205,user94@example.com,30-12-2023
U1095,User_95,917847199461,user95@example.com,30-12-2023
U1096,User_96,919421454527,user96@example.com,30-03-2022
U1097,User_97,919384139054,user97@example.com,11-12-2022
U1098,User_98,919126495165,user98@example.com,20-02-2023
U1099,User_99,919178940333,user99@example.com,17-01-2022
U1100,User_100,917052567517,user100@example.com,18-08-2023
U1101,User_101,919378697340,user101@example.com,27-05-2022
U1102,User_102,918132774663,user102@example.com,03-03-2024
U1103,User_103,918937635595,user103@example.com,14-01-2023
U1104,User_104,918559582696,user104@example.com,12-09-2023
U1105,User_105,918507059715,user105@example.com,03-07-2022
U1106,User_106,917528692322,user106@example.com,19-03-2023
U1107,User_107,917715352317,user107@example.com,07-06-2023
U1108,User_108,917155871587,user108@example.com,01-08-2023
U1109,User_109,919997634663,user109@example.com,19-06-2022
U1110,User_110,919156652768,user110@example.com,25-11-2022
U1111,User_111,919772133690,user111@example.com,21-11-2023
U1112,User_112,919136966395,user112@example.com,15-05-2024
U1113,User_113,919014991225,user113@example.com,05-04-2023
U1114,User_114,919028770995,user114@example.com,09-05-2023
U1115,User_115,919657174747,user115@example.com,27-05-2022
U1116,User_116,917893911568,user116@example.com,01-02-2022
U1117,User_117,918074700854,user117@example.com,28-02-2024
U1118,User_118,918619325307,user118@example.com,20-11-2023
U1119,User_119,919524443356,user119@example.com,30-05-2022
U1120,User_120,918288377345,user120@example.com,18-04-2022
U1121,User_121,917913919445,user121@example.com,06-10-2022
U1122,User_122,918611490505,user122@example.com,01-02-2023
U1123,User_123,918290288192,user123@example.com,21-10-2023
U1124,User_124,917690570487,user124@example.com,22-11-2022
U1125,User_125,918518075291,user125@example.com,30-10-2022
U1126,User_126,919109015304,user126@example.com,01-08-2022
U1127,User_127,919547197105,user127@example.com,13-07-2022
U1128,User_128,919396856990,user128@example.com,27-01-2022
U1129,User_129,918607528816,user129@example.com,02-05-2022
U1130,User_130,918540321342,user130@example.com,24-08-2022
U1131,User_131,917009358937,user131@example.com,21-10-2023
U1132,User_132,919279214188,user132@example.com,03-02-2022
U1133,User_133,919679851003,user133@example.com,20-03-2023
U1134,User_134,917329813519,user134@example.com,16-06-2022
U1135,User_135,917563853545,user135@example.com,30-08-2022
U1136,User_136,919179643793,user136@example.com,03-11-2022
U1137,User_137,919670182080,user137@example.com,09-04-2024
U1138,User_138,919047245177,user138@example.com,28-03-2024
U1139,User_139,917186489775,user139@example.com,17-07-2023
U1140,User_140,919911975425,user140@example.com,08-03-2022
U1141,User_141,918647792692,user141@example.com,14-03-2022
U1142,User_142,917183065491,user142@example.com,25-05-2022
U1143,User_143,919767732631,user143@example.com,02-07-2022
U1144,User_144,917283661312,user144@example.com,17-02-2023
U1145,User_145,919579156610,user145@example.com,31-05-2024
U1146,User_146,917659803688,user146@example.com,16-06-2024
U1147,User_147,918763761892,user147@example.com,15-02-2024
U1148,User_148,919430167513,user148@example.com,25-05-2024
U1149,User_149,919523150091,user149@example.com,18-10-2022
U1150,User_150,918945175509,user150@example.com,05-12-2022
U1151,User_151,918931572055,user151@example.com,19-11-2022
U1152,User_152,919721609382,user152@example.com,23-11-2022
U1153,User_153,918837606801,user153@example.com,02-06-2022
U1154,User_154,918929820203,user154@example.com,07-11-2023
U1155,User_155,919209831472,user155@example.com,08-04-2022
U1156,User_156,918006692710,user156@example.com,20-12-2023
U1157,User_157,919275064139,user157@example.com,02-06-2023
U1158,User_158,919444065314,user158@example.com,30-09-2022
U1159,User_159,918360365508,user159@example.com,31-03-2022
U1160,User_160,917392038373,user160@example.com,28-05-2023
U1161,User_161,917407889740,user161@example.com,31-03-2022
U1162,User_162,918807649047,user162@example.com,25-10-2023
U1163,User_163,919395925907,user163@example.com,12-08-2023
U1164,User_164,917385413511,user164@example.com,17-02-2024
U1165,User_165,918794115288,user165@example.com,16-10-2023
U1166,User_166,918279654780,user166@example.com,24-09-2023
U1167,User_167,919641180350,user167@example.com,23-06-2022
U1168,User_168,917838616265,user168@example.com,22-08-2022
U1169,User_169,919535403173,user169@example.com,16-02-2022
U1170,User_170,917158452521,user170@example.com,15-12-2022
U1171,User_171,917762506492,user171@example.com,28-06-2023
U1172,User_172,919595003499,user172@example.com,11-01-2023
U1173,User_173,917563801108,user173@example.com,27-11-2022
U1174,User_174,919572288628,user174@example.com,20-05-2022
U1175,User_175,919423168853,user175@example.com,15-02-2024
U1176,User_176,919922585785,user176@example.com,04-02-2022
U1177,User_177,917604662591,user177@example.com,03-03-2022
U1178,User_178,917194741335,user178@example.com,19-02-2024
U1179,User_179,919848952236,user179@example.com,15-02-2023
U1180,User_180,917065869399,user180@example.com,20-11-2022
U1181,User_181,917724849154,user181@example.com,11-07-2023
U1182,User_182,918196235399,user182@example.com,21-05-2022
U1183,User_183,918777528250,user183@example.com,25-01-2022
U1184,User_184,917050637056,user184@example.com,01-09-2022
U1185,User_185,917118241085,user185@example.com,09-01-2022
U1186,User_186,918241350222,user186@example.com,08-08-2023
U1187,User_187,917668259081,user187@example.com,11-06-2024
U1188,User_188,917955102205,user188@example.com,25-01-2024
U1189,User_189,917700935062,user189@example.com,22-10-2023
U1190,User_190,917988036340,user190@example.com,29-01-2022
U1191,User_191,919006854960,user191@example.com,27-11-2022
U1192,User_192,918811769498,user192@example.com,19-03-2023
U1193,User_193,918465097751,user193@example.com,10-12-2022
U1194,User_194,919195786882,user194@example.com,05-07-2022
U1195,User_195,918095433467,user195@example.com,06-02-2024
U1196,User_196,918571702557,user196@example.com,17-05-2022
U1197,User_197,917357671669,user197@example.com,21-10-2023
U1198,User_198,919526416041,user198@example.com,09-04-2023
U1199,User_199,917150715810,user199@example.com,10-06-2024
U1200,User_200,917164302549,user200@example.com,29-11-2023
U1201,User_201,918676571008,user201@example.com,23-09-2023
U1202,User_202,919847547383,user202@example.com,30-08-2022
U1203,User_203,918018226767,user203@example.com,23-06-2023
U1204,User_204,918807580878,user204@example.com,18-03-2022
U1205,User_205,918405154859,user205@example.com,01-06-2023
U1206,User_206,919688984643,user206@example.com,08-12-2023
U1207,User_207,918934863410,user207@example.com,11-01-2023
U1208,User_208,919199383992,user208@example.com,29-10-2022
U1209,User_209,917489099176,user209@example.com,01-04-2024
U1210,User_210,919622889196,user210@example.com,25-02-2022
U1211,User_211,918218584740,user211@example.com,19-09-2022
U1212,User_212,918613039476,user212@example.com,23-03-2024
U1213,User_213,917816600810,user213@example.com,01-02-2022
U1214,User_214,918351836375,user214@example.com,14-11-2023
U1215,User_215,917023928269,user215@example.com,02-11-2022
U1216,User_216,918526225163,user216@example.com,09-07-2023
U1217,User_217,917318470035,user217@example.com,12-07-2023
U1218,User_218,918811339701,user218@example.com,12-02-2024
U1219,User_219,919634647991,user219@example.com,03-08-2023
U1220,User_220,918062943571,user220@example.com,04-05-2024
U1221,User_221,919023376133,user221@example.com,22-04-2023
U1222,User_222,917564599427,user222@example.com,19-11-2023
U1223,User_223,917488682914,user223@example.com,17-05-2022
U1224,User_224,919032009094,user224@example.com,18-03-2024
U1225,User_225,917936600379,user225@example.com,14-09-2022
U1226,User_226,917082928833,user226@example.com,02-03-2022
U1227,User_227,918414261996,user227@example.com,14-09-2022
U1228,User_228,918904678836,user228@example.com,10-04-2023
U1229,User_229,919983769568,user229@example.com,25-06-2022
U1230,User_230,917846663167,user230@example.com,10-08-2022
U1231,User_231,918251630256,user231@example.com,26-03-2024
U1232,User_232,918788769947,user232@example.com,26-04-2024
U1233,User_233,917275198951,user233@example.com,07-02-2023
U1234,User_234,919368987943,user234@example.com,05-05-2024
U1235,User_235,918493011688,user235@example.com,01-12-2022
U1236,User_236,918880470624,user236@example.com,23-11-2022
U1237,User_237,918336118961,user237@example.com,11-02-2022
U1238,User_238,917712562562,user238@example.com,23-04-2024
U1239,User_239,917528935481,user239@example.com,18-05-2022
U1240,User_240,919905424801,user240@example.com,28-01-2024
U1241,User_241,919754715999,user241@example.com,09-04-2022
U1242,User_242,919007911018,user242@example.com,29-03-2023
U1243,User_243,917365135744,user243@example.com,11-01-2023
U1244,User_244,918902109451,user244@example.com,26-04-2022
U1245,User_245,919781051294,user245@example.com,04-10-2022
U1246,User_246,917194182540,user246@example.com,13-04-2023
U1247,User_247,917259726717,user247@example.com,01-10-2023
U1248,User_248,919649011564,user248@example.com,12-07-2022
U1249,User_249,917217909279,user249@example.com,29-09-2022
U1250,User_250,917867960145,user250@example.com,24-07-2022
U1251,User_251,917436114331,user251@example.com,14-02-2024
U1252,User_252,917735439146,user252@example.com,09-06-2023
U1253,User_253,918404009940,user253@example.com,03-09-2023
U1254,User_254,919324809702,user254@example.com,08-03-2022
U1255,User_255,919505400124,user255@example.com,15-09-2022
U1256,User_256,919106689218,user256@example.com,03-04-2022
U1257,User_257,919861081337,user257@example.com,18-08-2023
U1258,User_258,917719121631,user258@example.com,11-09-2022
U1259,User_259,917016288136,user259@example.com,19-03-2023
U1260,User_260,918656585404,user260@example.com,07-02-2024
U1261,User_261,917989221995,user261@example.com,26-04-2022
U1262,User_262,919270253171,user262@example.com,15-06-2024
U1263,User_263,919036815355,user263@example.com,03-07-2022
U1264,User_264,919606133661,user264@example.com,04-10-2022
U1265,User_265,917922812870,user265@example.com,05-12-2023
U1266,User_266,918617509463,user266@example.com,04-02-2022
U1267,User_267,917260606384,user267@example.com,30-06-2023
U1268,User_268,919115565063,user268@example.com,08-06-2024
U1269,User_269,917874899307,user269@example.com,04-03-2024
U1270,User_270,919653500047,user270@example.com,29-10-2022
U1271,User_271,917941550945,user271@example.com,30-12-2022
U1272,User_272,917117888887,user272@example.com,04-02-2024
U1273,User_273,918262532711,user273@example.com,17-02-2023
U1274,User_274,917463297818,user274@example.com,27-05-2024
U1275,User_275,918284674280,user275@example.com,29-05-2022
U1276,User_276,919991471727,user276@example.com,27-03-2022
U1277,User_277,919197886116,user277@example.com,25-10-2023
U1278,User_278,917969818222,user278@example.com,26-01-2024
U1279,User_279,917410358255,user279@example.com,22-12-2022
U1280,User_280,918977233743,user280@example.com,27-04-2022
U1281,User_281,919035007821,user281@example.com,27-01-2022
U1282,User_282,919958309673,user282@example.com,07-05-2024
U1283,User_283,918959743258,user283@example.com,17-02-2024
U1284,User_284,917234745617,user284@example.com,30-07-2023
U1285,User_285,918904938482,user285@example.com,26-03-2023
U1286,User_286,918955446555,user286@example.com,08-06-2024
U1287,User_287,917290709650,user287@example.com,20-10-2023
U1288,User_288,918123192695,user288@example.com,22-06-2023
U1289,User_289,919290636159,user289@example.com,26-01-2024
U1290,User_290,919852168710,user290@example.com,23-05-2022
U1291,User_291,917257084369,user291@example.com,28-11-2023
U1292,User_292,917389981448,user292@example.com,08-11-2022
U1293,User_293,919111242948,user293@example.com,13-07-2023
U1294,User_294,919202297035,user294@example.com,07-09-2023
U1295,User_295,919981072416,user295@example.com,10-04-2022
U1296,User_296,918019322544,user296@example.com,20-09-2022
U1297,User_297,918030554908,user297@example.com,19-12-2022
U1298,User_298,918517629576,user298@example.com,13-11-2023
U1299,User_299,918946446902,user299@example.com,02-07-2022
U1300,User_300,919555767698,user300@example.com,15-05-2023
U1301,User_301,919234662598,user301@example.com,19-08-2022
U1302,User_302,919519589997,user302@example.com,13-12-2023
U1303,User_303,918303764236,user303@example.com,25-05-2023
U1304,User_304,918635229935,user304@example.com,19-01-2024
U1305,User_305,918731361047,user305@example.com,04-02-2023
U1306,User_306,917503910108,user306@example.com,31-07-2022
U1307,User_307,919611367281,user307@example.com,16-09-2023
U1308,User_308,919937530224,user308@example.com,05-06-2022
U1309,User_309,919967395419,user309@example.com,11-05-2024
U1310,User_310,919371947814,user310@example.com,24-04-2023
U1311,User_311,918165215895,user311@example.com,09-04-2024
U1312,User_312,917472478928,user312@example.com,03-10-2022
U1313,User_313,918685395668,user313@example.com,02-01-2023
U1314,User_314,918930925214,user314@example.com,16-02-2022
U1315,User_315,918275390173,user315@example.com,02-10-2022
U1316,User_316,918762248044,user316@example.com,31-01-2022
U1317,User_317,917077963929,user317@example.com,14-08-2023
U1318,User_318,918789773120,user318@example.com,12-08-2023
U1319,User_319,918776013417,user319@example.com,24-09-2022
U1320,User_320,919355477143,user320@example.com,26-08-2023
U1321,User_321,918042069304,user321@example.com,05-12-2023
U1322,User_322,918087170446,user322@example.com,28-04-2023
U1323,User_323,917654171662,user323@example.com,09-06-2024
U1324,User_324,918424020368,user324@example.com,26-05-2024
U1325,User_325,919238224763,user325@example.com,25-03-2024
U1326,User_326,918178750067,user326@example.com,11-11-2022
U1327,User_327,919750990303,user327@example.com,31-07-2023
U1328,User_328,917753521541,user328@example.com,18-08-2022
U1329,User_329,917336534273,user329@example.com,08-08-2023
U1330,User_330,919495953410,user330@example.com,18-04-2022
U1331,User_331,919513789203,user331@example.com,25-08-2023
U1332,User_332,919150372269,user332@example.com,28-03-2022
U1333,User_333,917850231328,user333@example.com,09-07-2022
U1334,User_334,917545520982,user334@example.com,29-12-2022
U1335,User_335,919972563376,user335@example.com,01-02-2024
U1336,User_336,918346113079,user336@example.com,08-08-2022
U1337,User_337,918708892803,user337@example.com,07-08-2022
U1338,User_338,918347527799,user338@example.com,22-08-2022
U1339,User_339,917921433817,user339@example.com,04-10-2022
U1340,User_340,919569717567,user340@example.com,15-01-2022
U1341,User_341,918078377365,user341@example.com,05-10-2023
U1342,User_342,919377005299,user342@example.com,27-09-2023
U1343,User_343,919057107487,user343@example.com,07-03-2024
U1344,User_344,918986265298,user344@example.com,21-09-2022
U1345,User_345,918237807767,user345@example.com,08-01-2022
U1346,User_346,918034668747,user346@example.com,03-05-2023
U1347,User_347,917607433547,user347@example.com,15-06-2022
U1348,User_348,919960697353,user348@example.com,21-04-2024
U1349,User_349,919397741011,user349@example.com,23-05-2023
U1350,User_350,919493473373,user350@example.com,25-03-2023
U1351,User_351,917179743579,user351@example.com,22-06-2023
U1352,User_352,917817819688,user352@example.com,25-07-2022
U1353,User_353,917808315741,user353@example.com,22-10-2023
U1354,User_354,917065628540,user354@example.com,02-05-2024
U1355,User_355,918282421672,user355@example.com,28-04-2024
U1356,User_356,918494390902,user356@example.com,02-07-2023
U1357,User_357,917400440214,user357@example.com,11-10-2022
U1358,User_358,918135405050,user358@example.com,10-12-2023
U1359,User_359,919168087579,user359@example.com,29-01-2024
U1360,User_360,919625278457,user360@example.com,16-02-2023
U1361,User_361,918836958388,user361@example.com,07-10-2022
U1362,User_362,918854839564,user362@example.com,19-05-2023
U1363,User_363,918434596947,user363@example.com,27-11-2022
U1364,User_364,917627124444,user364@example.com,23-11-2022
U1365,User_365,919243473944,user365@example.com,28-07-2023
U1366,User_366,917171533659,user366@example.com,17-04-2022
U1367,User_367,917251422587,user367@example.com,29-07-2022
U1368,User_368,918901574837,user368@example.com,18-02-2023
U1369,User_369,918227921529,user369@example.com,11-01-2022
U1370,User_370,917713518333,user370@example.com,29-11-2022
U1371,User_371,919154705441,user371@example.com,28-10-2023
U1372,User_372,918611919611,user372@example.com,12-10-2023
U1373,User_373,919979786315,user373@example.com,16-12-2023
U1374,User_374,919672823665,user374@example.com,06-08-2023
U1375,User_375,919817652204,user375@example.com,16-05-2022
U1376,User_376,917986784990,user376@example.com,24-02-2022
U1377,User_377,918310275595,user377@example.com,21-11-2023
U1378,User_378,919105388382,user378@example.com,03-12-2023
U1379,User_379,919131030669,user379@example.com,10-03-2023
U1380,User_380,917595314425,user380@example.com,04-11-2022
U1381,User_381,918352967213,user381@example.com,07-04-2022
U1382,User_382,918006454047,user382@example.com,13-09-2023
U1383,User_383,918297046084,user383@example.com,03-08-2023
U1384,User_384,917294954128,user384@example.com,19-09-2022
U1385,User_385,918931826141,user385@example.com,25-02-2022
U1386,User_386,918226517248,user386@example.com,13-04-2023
U1387,User_387,917764504921,user387@example.com,08-11-2023
U1388,User_388,918593802123,user388@example.com,28-02-2024
U1389,User_389,917424340764,user389@example.com,20-12-2023
U1390,User_390,918052586782,user390@example.com,09-07-2023
U1391,User_391,919624340141,user391@example.com,12-11-2023
U1392,User_392,918981594266,user392@example.com,01-01-2023
U1393,User_393,918374216661,user393@example.com,04-02-2024
U1394,User_394,917135909023,user394@example.com,25-07-2022
U1395,User_395,917429305981,user395@example.com,13-05-2023
U1396,User_396,918614678115,user396@example.com,14-03-2022
U1397,User_397,917708907687,user397@example.com,11-09-2022
U1398,User_398,918482154773,user398@example.com,29-01-2023
U1399,User_399,917350969570,user399@example.com,06-11-2023
U1400,User_400,919854289816,user400@example.com,17-02-2023
U1401,User_401,919838029047,user401@example.com,25-12-2023
U1402,User_402,917742811192,user402@example.com,07-01-2023
U1403,User_403,918898227486,user403@example.com,06-01-2024
U1404,User_404,918661442883,user404@example.com,22-10-2022
U1405,User_405,917293229069,user405@example.com,28-08-2022
U1406,User_406,917578597432,user406@example.com,25-04-2023
U1407,User_407,919917148888,user407@example.com,03-02-2024
U1408,User_408,919164810958,user408@example.com,06-10-2023
U1409,User_409,918918135775,user409@example.com,21-02-2022
U1410,User_410,917659183124,user410@example.com,29-10-2023
U1411,User_411,919161528268,user411@example.com,19-07-2022
U1412,User_412,917796756989,user412@example.com,08-10-2022
U1413,User_413,917406397278,user413@example.com,16-10-2022
U1414,User_414,918831125191,user414@example.com,09-07-2022
U1415,User_415,919461060793,user415@example.com,30-09-2023
U1416,User_416,919511260981,user416@example.com,18-07-2023
U1417,User_417,919637257140,user417@example.com,26-05-2022
U1418,User_418,918891748872,user418@example.com,13-10-2023
U1419,User_419,919081856114,user419@example.com,22-04-2022
U1420,User_420,918531873596,user420@example.com,07-07-2022
U1421,User_421,917962076263,user421@example.com,01-06-2022
U1422,User_422,917504109710,user422@example.com,18-04-2022
U1423,User_423,919220959755,user423@example.com,19-01-2024
U1424,User_424,917140911023,user424@example.com,11-01-2022
U1425,User_425,918841392449,user425@example.com,12-09-2022
U1426,User_426,919427199622,user426@example.com,07-08-2023
U1427,User_427,918375883274,user427@example.com,07-10-2022
U1428,User_428,919240625741,user428@example.com,29-06-2023
U1429,User_429,917344763261,user429@example.com,16-04-2022
U1430,User_430,919108807905,user430@example.com,02-11-2023
U1431,User_431,919737886621,user431@example.com,20-06-2023
U1432,User_432,919348894743,user432@example.com,17-04-2023
U1433,User_433,919063819245,user433@example.com,18-05-2023
U1434,User_434,919771926634,user434@example.com,05-04-2023
U1435,User_435,918224338447,user435@example.com,02-01-2024
U1436,User_436,919622482585,user436@example.com,15-12-2023
U1437,User_437,918702431108,user437@example.com,21-02-2022
U1438,User_438,917149688226,user438@example.com,18-01-2023
U1439,User_439,917180472304,user439@example.com,25-03-2022
U1440,User_440,918421247151,user440@example.com,30-05-2022
U1441,User_441,918160697772,user441@example.com,30-01-2024
U1442,User_442,919914757489,user442@example.com,04-01-2023
U1443,User_443,918368006950,user443@example.com,13-03-2023
U1444,User_444,918984099818,user444@example.com,04-12-2023
U1445,User_445,917644360894,user445@example.com,28-05-2022
U1446,User_446,919406775472,user446@example.com,16-02-2022
U1447,User_447,919517316655,user447@example.com,30-03-2022
U1448,User_448,917523242090,user448@example.com,01-02-2022
U1449,User_449,919610745072,user449@example.com,28-10-2023
U1450,User_450,919086757807,user450@example.com,04-10-2022
U1451,User_451,918527401689,user451@example.com,25-02-2024
U1452,User_452,918247213902,user452@example.com,01-10-2023
U1453,User_453,919139285971,user453@example.com,08-09-2023
U1454,User_454,919878504224,user454@example.com,01-11-2022
U1455,User_455,917742190882,user455@example.com,14-02-2024
U1456,User_456,918818095598,user456@example.com,11-10-2023
U1457,User_457,919664048918,user457@example.com,03-01-2022
U1458,User_458,919653365889,user458@example.com,02-01-2023
U1459,User_459,918754295547,user459@example.com,11-02-2024
U1460,User_460,917696043311,user460@example.com,31-10-2022
U1461,User_461,917680274583,user461@example.com,12-07-2023
U1462,User_462,918608862035,user462@example.com,02-07-2022
U1463,User_463,917282876013,user463@example.com,25-01-2023
U1464,User_464,918162293155,user464@example.com,21-05-2022
U1465,User_465,919407970546,user465@example.com,21-09-2022
U1466,User_466,919125713496,user466@example.com,01-02-2022
U1467,User_467,917775057184,user467@example.com,06-05-2024
U1468,User_468,918250803114,user468@example.com,12-12-2023
U1469,User_469,918340164284,user469@example.com,04-05-2023
U1470,User_470,919429997230,user470@example.com,28-12-2022
U1471,User_471,918896125271,user471@example.com,04-12-2022
U1472,User_472,917629946420,user472@example.com,14-10-2022
U1473,User_473,919197873009,user473@example.com,16-12-2023
U1474,User_474,919005267930,user474@example.com,29-11-2022
U1475,User_475,917983027951,user475@example.com,13-10-2022
U1476,User_476,919106405818,user476@example.com,05-04-2023
U1477,User_477,918738221298,user477@example.com,10-11-2023
U1478,User_478,917745229236,user478@example.com,27-12-2022
U1479,User_479,918085332145,user479@example.com,13-02-2023
U1480,User_480,917396722257,user480@example.com,22-09-2023
U1481,User_481,918519367659,user481@example.com,09-10-2023
U1482,User_482,919823325827,user482@example.com,18-01-2024
U1483,User_483,918431299296,user483@example.com,07-04-2024
U1484,User_484,917118497961,user484@example.com,03-01-2024
U1485,User_485,917839448806,user485@example.com,23-09-2022
U1486,User_486,918964659463,user486@example.com,08-08-2023
U1487,User_487,918095678812,user487@example.com,08-01-2022
U1488,User_488,918913315930,user488@example.com,30-07-2022
U1489,User_489,919518588805,user489@example.com,12-08-2023
U1490,User_490,919488005628,user490@example.com,10-05-2024
U1491,User_491,918462058631,user491@example.com,31-10-2022
U1492,User_492,917822764083,user492@example.com,12-02-2024
U1493,User_493,917448797118,user493@example.com,25-12-2023
U1494,User_494,917991586506,user494@example.com,13-02-2022
U1495,User_495,919315804948,user495@example.com,21-08-2023
U1496,User_496,918131539429,user496@example.com,16-06-2022
U1497,User_497,917655578730,user497@example.com,29-07-2023
U1498,User_498,919026437087,user498@example.com,25-04-2023
U1499,User_499,918043885920,user499@example.com,30-04-2022
